{
  "thr_35": {
    "n_test_pos": 109,
    "roc_auc": 0.8733435270132517,
    "pr_auc": 0.8482566482738045,
    "op_threshold": 0.625,
    "classifier": {
      "precision": 0.7961165048543689,
      "recall": 0.7522935779816514,
      "onset_recall": 0.48
    },
    "raw_cams": {
      "precision": 0.8571428571428571,
      "recall": 0.1651376146788991
    },
    "rescaled_cams": {
      "precision": 0.6164383561643836,
      "recall": 0.8256880733944955
    },
    "persistence": {
      "precision": 0.7714285714285715,
      "recall": 0.7641509433962265
    }
  },
  "thr_55": {
    "n_test_pos": 64,
    "roc_auc": 0.8560681216931217,
    "pr_auc": 0.7420695892440686,
    "op_threshold": 0.1,
    "classifier": {
      "precision": 0.5408163265306123,
      "recall": 0.828125,
      "onset_recall": 0.7727272727272727
    },
    "raw_cams": {
      "precision": NaN,
      "recall": 0.0
    },
    "rescaled_cams": {
      "precision": 0.559322033898305,
      "recall": 0.515625
    },
    "persistence": {
      "precision": 0.6612903225806451,
      "recall": 0.6612903225806451
    }
  }
}