{
  "ground_model_deployable": {
    "MAE": 16.76156213170155,
    "RMSE": 25.447501868608633,
    "R2": 0.4214980686552371,
    "exceed35": {
      "precision": 0.7818181818181819,
      "recall": 0.7889908256880734,
      "n_exceed": 109
    },
    "exceed55": {
      "precision": 0.65625,
      "recall": 0.65625,
      "n_exceed": 64
    }
  },
  "ground_model_plus_live_sensor": {
    "MAE": 15.24365538447936,
    "RMSE": 23.2284468045105,
    "R2": 0.5179913348071528,
    "exceed35": {
      "precision": 0.8095238095238095,
      "recall": 0.7798165137614679,
      "n_exceed": 109
    }
  },
  "baseline_raw_cams": {
    "MAE": 23.37773056653491,
    "RMSE": 35.988283467304115,
    "R2": -0.1570090835352853,
    "exceed35": {
      "precision": 0.8571428571428571,
      "recall": 0.1651376146788991,
      "n_exceed": 109
    }
  },
  "baseline_cams_rescaled": {
    "MAE": 21.137892377374712,
    "RMSE": 27.05280891977887,
    "R2": 0.34620855513696214,
    "rescale": [
      1.9495281603044146,
      7.376684382436264
    ],
    "exceed35": {
      "precision": 0.6164383561643836,
      "recall": 0.8256880733944955,
      "n_exceed": 109
    }
  },
  "baseline_persistence": {
    "MAE": 16.287068273092366,
    "RMSE": 25.987216706075202,
    "R2": 0.39577574986258646,
    "exceed35": {
      "precision": 0.7714285714285715,
      "recall": 0.7641509433962265,
      "n_exceed": 106
    },
    "n": 249
  }
}