{
  "horizon": {
    "days": [
      1,
      2,
      3,
      4,
      5,
      6,
      7,
      8,
      9,
      10,
      11,
      12,
      13,
      14
    ],
    "recall35_today": [
      0.7431192660550459,
      0.6972477064220184,
      0.6422018348623854,
      0.5871559633027523,
      0.5412844036697247,
      0.5504587155963303,
      0.5871559633027523,
      0.5412844036697247,
      0.5963302752293578,
      0.5321100917431193,
      0.5779816513761468,
      0.6605504587155964,
      0.6146788990825688,
      0.6330275229357798
    ],
    "recall55_today": [
      0.453125,
      0.328125,
      0.296875,
      0.34375,
      0.265625,
      0.375,
      0.375,
      0.328125,
      0.25,
      0.328125,
      0.3125,
      0.359375,
      0.25,
      0.28125
    ],
    "auc35_today": [
      0.8866590214067279,
      0.8630224260958206,
      0.8103338430173295,
      0.8032619775739042,
      0.8153032619775739,
      0.8019240570846076,
      0.7700050968399594,
      0.787716615698267,
      0.8292558613659532,
      0.8518730886850153,
      0.8023700305810397,
      0.840532619775739,
      0.8003950050968399,
      0.7791794087665647
    ],
    "auc35_forecast": [
      0.9067278287461774,
      0.895769622833843,
      0.8890800203873598,
      0.8781218144750256,
      0.8807339449541284,
      0.8759556574923548,
      0.8660805300713558,
      0.8615570846075433,
      0.8755733944954128,
      0.8676732925586137,
      0.877612130479103,
      0.8814984709480124,
      0.8731523955147809,
      0.8442278287461774
    ]
  },
  "levels": {
    "per_recall": [
      0.07,
      0.78,
      0.42,
      0.66,
      0.0,
      0.0
    ],
    "support": [
      44,
      100,
      45,
      61,
      3,
      0
    ],
    "exact_acc": 0.55,
    "within1_acc": 0.94,
    "pi80_coverage": 0.75,
    "pi80_median_width": 31.2
  }
}