{
  "test": {
    "MAE": 3.916609171182009,
    "RMSE": 4.96759991642046,
    "R2": 0.7282565251331911
  },
  "test_persistence": {
    "MAE": 3.988713818860877,
    "RMSE": 5.6137040025970135,
    "R2": 0.6529716770274405
  },
  "threshold": {
    "accuracy": 0.957983193277311,
    "precision": 0.65,
    "recall": 0.6190476190476191,
    "tp": 13,
    "fp": 7,
    "fn": 8,
    "tn": 329,
    "n_exceed": 21
  },
  "threshold_persistence": {
    "accuracy": 0.9495798319327731,
    "precision": 0.5714285714285714,
    "recall": 0.5714285714285714,
    "tp": 12,
    "fp": 9,
    "fn": 9,
    "tn": 327,
    "n_exceed": 21
  },
  "best_iteration": 98,
  "n": {
    "train": 782,
    "val": 273,
    "test": 357
  }
}