{
  "cams_vs_stations": {
    "per_station": {
      "Sputnik-4": {
        "n": 142,
        "mean_cams": 21.1824823943662,
        "mean_obs": 61.552323943661975,
        "ratio": 2.905812585971167,
        "pearson": 0.7825831310039647,
        "rmse": 54.54579981340306,
        "recall35": 0.20430107526881722
      },
      "US Embassy": {
        "n": 767,
        "mean_cams": 18.760739895697522,
        "mean_obs": 40.35349413298565,
        "ratio": 2.150954299102035,
        "pearson": 0.5735768511946094,
        "rmse": 38.4083619063822,
        "recall35": 0.18596491228070175
      }
    },
    "combined": {
      "n": 909,
      "mean_cams": 19.13905390539054,
      "mean_obs": 43.66508250825082,
      "ratio": 2.281465046501201,
      "pearson": 0.6172093148911347,
      "rmse": 41.346490295481054,
      "recall35": 0.19047619047619047
    }
  },
  "generalisation_sputnik": {
    "n": 142,
    "MAE": 23.348730124410285,
    "R2": 0.30648996648156335,
    "pearson": 0.6264401578275223,
    "model_mean": 49.514167550945864,
    "obs_mean": 61.552323943661975,
    "recall35": 0.8387096774193549,
    "rawcams_recall35": 0.20430107526881722
  }
}