{
  "h1_real_vs_cams": {
    "Almaty": {
      "cams_beta": 4.674190796502166,
      "cams_p": 2.7284805895876076e-05,
      "real_beta": 1.8430188385345239,
      "real_p": 0.04023604684797254,
      "n_real": 1095
    },
    "Bishkek": {
      "cams_beta": 2.202932916799814,
      "cams_p": 0.0024585122622592178,
      "real_beta": 2.3832803585462226,
      "real_p": 0.0010506564817891568,
      "n_real": 716
    },
    "Dushanbe": {
      "cams_beta": -0.0810799834079502,
      "cams_p": 0.8725100372388269,
      "real_beta": -0.5127423432351033,
      "real_p": 0.3376133119026091,
      "n_real": 1240
    },
    "Ashgabat": {
      "cams_beta": -2.8831498874808394,
      "cams_p": 0.0025681635538564005,
      "real_beta": -2.881609737830642,
      "real_p": 0.027023164697795213,
      "n_real": 608
    }
  },
  "model_improvement": {
    "baseline": {
      "r2": 0.40699313469137843,
      "recall": 0.7614678899082569,
      "n": 253
    },
    "with_real_neighbours": {
      "r2": 0.4544676306203622,
      "recall": 0.6875,
      "n": 193
    }
  }
}