{
  "H_C": {
    "r2_exogenous": 0.6627382640188688,
    "groups": {
      "dispersion": {
        "r2_alone": 0.44884397692495615,
        "delta_r2_when_removed": 0.016738810866805287
      },
      "thermal_season": {
        "r2_alone": 0.23707283684937464,
        "delta_r2_when_removed": 0.01331950228144052
      },
      "wind_vector": {
        "r2_alone": 0.030345274290390356,
        "delta_r2_when_removed": -0.011811888383476798
      },
      "regional_transport": {
        "r2_alone": 0.5436440552421915,
        "delta_r2_when_removed": 0.18890456184814663
      },
      "precipitation": {
        "r2_alone": -0.02660667943130246,
        "delta_r2_when_removed": 0.03185682193569073
      }
    },
    "perm_importance": {
      "dispersion": 0.10133084010428357,
      "thermal_season": 0.12411352152601063,
      "wind_vector": 0.0071793528420494804,
      "regional_transport": 0.2840089817502063,
      "precipitation": 0.05090557640970898
    },
    "perm_share": {
      "dispersion": 0.17854450526183585,
      "thermal_season": 0.21868749212342728,
      "wind_vector": 0.01264998888753605,
      "regional_transport": 0.5004226066252139,
      "precipitation": 0.08969540710198706
    }
  },
  "H_A": {
    "lagged_corr": {
      "Fergana": 0.44054191833044576,
      "Almaty": 0.5373684005922424,
      "Bishkek": 0.382886979067973,
      "Samarkand": 0.6129569057801165,
      "Dushanbe": 0.2349104960741167,
      "Ashgabat": 0.4199716386543067
    },
    "wind_interaction": {
      "Fergana": {
        "beta_interaction": 2.8708635257397415,
        "p_interaction": 0.002332237344362007,
        "beta_city": 2.493939777118332,
        "p_city": 7.54299255165624e-15
      },
      "Almaty": {
        "beta_interaction": 4.67488541415216,
        "p_interaction": 2.741199708842364e-05,
        "beta_city": 1.5882951267851708,
        "p_city": 0.00016769993669070958
      },
      "Bishkek": {
        "beta_interaction": 2.203040133068209,
        "p_interaction": 0.002456836564034004,
        "beta_city": 1.5556431313492798,
        "p_city": 1.1371407116610108e-05
      },
      "Samarkand": {
        "beta_interaction": -2.121785522474768,
        "p_interaction": 0.006783881544424055,
        "beta_city": 3.9075337751631998,
        "p_city": 9.284005802156257e-29
      },
      "Dushanbe": {
        "beta_interaction": -0.08196594318650613,
        "p_interaction": 0.8711172074611575,
        "beta_city": 1.863968995187834,
        "p_city": 1.6034264685631254e-05
      },
      "Ashgabat": {
        "beta_interaction": -2.8828356345925865,
        "p_interaction": 0.0025713277065193933,
        "beta_city": 2.2711339590138526,
        "p_city": 2.0384761537632368e-13
      }
    }
  },
  "H_B": {
    "quad_raw": {
      "b_lin": -5.653625118556067,
      "p_lin": 9.281100180128797e-40,
      "b_quad": 1.9617201035266119,
      "p_quad": 0.001969899671296714
    },
    "quad_ventilation_controlled": {
      "b_lin": -0.27935721118052625,
      "p_lin": 0.48565414593492096,
      "b_quad": 1.937738190457533,
      "p_quad": 0.0019599823637182602
    },
    "hot_tail": {
      "slope": -0.36263362600837945,
      "p": 5.214371125250651e-05,
      "r": -0.21390198094859433,
      "n": 352,
      "temp_min": 25.104166666666668
    },
    "hot_tail_ventilation_controlled": {
      "slope": -0.17630858251844458,
      "p": 0.07213969799423772,
      "n": 352
    },
    "pdp_temp": {
      "temp": [
        -6.659166666666667,
        -5.641194444444444,
        -4.623222222222223,
        -3.6052500000000007,
        -2.5872777777777785,
        -1.5693055555555562,
        -0.5513333333333348,
        0.4666388888888875,
        1.4846111111111098,
        2.502583333333331,
        3.5205555555555543,
        4.538527777777776,
        5.556499999999997,
        6.57447222222222,
        7.592444444444442,
        8.610416666666666,
        9.628388888888885,
        10.646361111111108,
        11.664333333333328,
        12.682305555555551,
        13.700277777777774,
        14.718249999999994,
        15.736222222222217,
        16.75419444444444,
        17.77216666666666,
        18.790138888888883,
        19.808111111111106,
        20.82608333333333,
        21.84405555555555,
        22.862027777777772,
        23.879999999999995,
        24.897972222222215,
        25.91594444444444,
        26.933916666666658,
        27.951888888888885,
        28.969861111111104,
        29.987833333333324,
        31.00580555555555,
        32.023777777777774,
        33.04175
      ],
      "pm25": [
        24.79393839151677,
        24.932764321446808,
        23.4293551205162,
        22.213840825459386,
        23.754536135780125,
        20.036873701442293,
        19.095643912669996,
        19.639700432031194,
        18.730589840686108,
        18.315252401239093,
        17.631454855691757,
        17.385876630356247,
        17.21385688914556,
        16.86658375698718,
        16.815602211560552,
        17.014209813426728,
        16.988828120284605,
        17.149444693260765,
        17.219657277269754,
        17.43163549269751,
        17.498883337987802,
        17.72705223481127,
        17.73241522510981,
        17.462133707866514,
        17.285675899920374,
        17.215856003481427,
        17.419051840059627,
        17.392765190478528,
        17.40503900512825,
        17.54728347398942,
        17.54728347398942,
        17.54728347398942,
        17.579459889968096,
        17.587830627422164,
        17.573895862163706,
        17.56664493233597,
        17.56664493233597,
        17.597638084979128,
        17.650577522296945,
        17.671167837325616
      ]
    }
  }
}