{
  "feature_mean_abs_shap": {
    "cams_carbon_monoxide": 0.13984,
    "doy_cos": 0.11412,
    "ventilation_coef": 0.09476,
    "trapping_index": 0.07242,
    "wind_speed_10m": 0.06469,
    "surface_pressure": 0.06218,
    "temperature_2m": 0.05669,
    "precip_sum_3d": 0.03652,
    "fergana_pm25_lag2": 0.0363,
    "cams_nitrogen_dioxide": 0.0335,
    "bishkek_pm25_lag1": 0.03071,
    "cams_pm2_5": 0.03067,
    "almaty_pm25_lag2": 0.02455,
    "cams_dust": 0.01915,
    "doy_sin": 0.01568,
    "relative_humidity_2m": 0.01441,
    "inv_wind": 0.01365,
    "ashgabat_pm25_lag2": 0.01286,
    "samarkand_pm25_lag1": 0.01241,
    "dushanbe_pm25_lag2": 0.01188,
    "fergana_transport": 0.01178,
    "stagnation_proxy": 0.01086,
    "precip_lag1": 0.01077,
    "dushanbe_pm25_lag1": 0.01064,
    "ashgabat_pm25_lag1": 0.01061,
    "dushanbe_transport": 0.01042,
    "precip": 0.01041,
    "fergana_pm25_lag1": 0.01015,
    "weekday": 0.00956,
    "almaty_pm25_lag1": 0.0093,
    "shortwave_radiation": 0.00915,
    "bishkek_transport": 0.00877,
    "wind_sin": 0.00856,
    "samarkand_pm25_lag2": 0.00832,
    "ashgabat_transport": 0.00815,
    "cams_ozone": 0.00691,
    "almaty_transport": 0.00625,
    "boundary_layer_height": 0.00615,
    "samarkand_transport": 0.00612,
    "cams_pm10": 0.00587,
    "bishkek_pm25_lag2": 0.0055,
    "wind_cos": 0.00519,
    "is_heating_season": 0.00248,
    "blh_imputed": 0.00209,
    "is_weekend": 0.00043
  },
  "group_share": {
    "CAMS forecast": 0.2185930081428957,
    "dispersion": 0.3008295987152593,
    "thermal_season": 0.19689894468287605,
    "wind_vector": 0.012733790811079265,
    "regional_transport": 0.2174832883287794,
    "precipitation": 0.053461369319110254
  }
}